{
  "train_loss": [
    -0.16104670470101493,
    -0.18317838178362164,
    -0.19323675509861538,
    -0.20261855234418596,
    -0.2093835814339774,
    -0.21687702996390207,
    -0.2188687229156494,
    -0.22432995550973076,
    -0.22438236672537668,
    -0.22729333768572127,
    -0.23059853090558732,
    -0.2324739521571568,
    -0.23551097978864396,
    -0.23781475176130024,
    -0.24029501206534248,
    -0.24083702686854772,
    -0.24432165227617536,
    -0.24778025490897043,
    -0.24612482724870954,
    -0.24931327547345844,
    -0.25215231187003,
    -0.25222058841160366,
    -0.2576559633527483,
    -0.2555090950557164,
    -0.25896594211033414,
    -0.2605232756478446,
    -0.2614039491925921,
    -0.26557346643720353,
    -0.26312568010602677,
    -0.26452130562918524
  ],
  "valid_loss": [
    -0.1803526883125305,
    -0.1934315725962321,
    -0.19965881395339966,
    -0.20861849347750347,
    -0.21627474371592204,
    -0.2186525001525879,
    -0.21707277274131775,
    -0.2250407748222351,
    -0.22952203210194905,
    -0.23190035923322042,
    -0.23085187609990437,
    -0.23346730065345764,
    -0.2379841896692912,
    -0.23881028874715168,
    -0.2377908509572347,
    -0.242714271068573,
    -0.24516998958587646,
    -0.24619581651687622,
    -0.2475571910540263,
    -0.24784974122047423,
    -0.24999649365743,
    -0.2513301388422648,
    -0.25252462577819823,
    -0.2537900535265605,
    -0.2580676607290904,
    -0.2562602007389069,
    -0.2600335690180461,
    -0.2583095566431681,
    -0.25698989860216775,
    -0.26266373523076375
  ],
  "valid_fid_eq": [
    0.4836601768334707,
    0.5042111822764079,
    0.5210445850690206,
    0.5547036833763123,
    0.5490512482325236,
    0.5424615793228149,
    0.4920016787846883,
    0.557389625231425,
    0.5258343790372213,
    0.5563465674718221,
    0.5479033449490865,
    0.5398357710838317,
    0.573066391468048,
    0.5319719985326131,
    0.5181356525421142,
    0.5407312308947245,
    0.5578440028826396,
    0.5660214451154073,
    0.5502517711321513,
    0.5773659863471985,
    0.597154585202535,
    0.5729835092226664,
    0.5721924134890238,
    0.5817406913439432,
    0.5771507215499878,
    0.5925791180928548,
    0.5736262192726135,
    0.5700571956634521,
    0.5428381325403849,
    0.5774772826830546
  ],
  "valid_fid_ne": [
    0.3033074891169866,
    0.3107796099980672,
    0.32138577139377594,
    0.3460851898988088,
    0.33277650479475657,
    0.32380907889207206,
    0.27492890699704486,
    0.3323488506873449,
    0.2963123459815979,
    0.3244462082386017,
    0.31705146888891855,
    0.30636847043037413,
    0.3350822017987569,
    0.2931617100636164,
    0.28034480249881744,
    0.2980169585943222,
    0.31267401270071665,
    0.3198256279627482,
    0.30269457852840426,
    0.3295162451267242,
    0.34715809126694996,
    0.3216533709764481,
    0.3196677877108256,
    0.3279506380955378,
    0.31908306113878887,
    0.336318917353948,
    0.31359264997641245,
    0.3117476384242376,
    0.28584823457400005,
    0.3148135480483373
  ]
}