{
  "train_loss": [
    -0.20490023340497698,
    -0.2213649444580078,
    -0.2295253917149135,
    -0.23554375893729074,
    -0.24044284003121513,
    -0.24349712480817523,
    -0.2470598621368408,
    -0.2512235791342599,
    -0.2535547776903425,
    -0.25631048938206263,
    -0.26002344649178644,
    -0.2614555059160505,
    -0.2635527529035296,
    -0.2665649950844901,
    -0.26899151802062987,
    -0.27034173720223564,
    -0.27404854801722933,
    -0.2759297550746373,
    -0.27894295065743585,
    -0.2808401162283761,
    -0.2828447630746024,
    -0.2837490659441267,
    -0.2868601946149554,
    -0.2876741194043841,
    -0.2904722292763846,
    -0.2931492197854178,
    -0.29575927243913924,
    -0.2971968024117606,
    -0.2973502870287214,
    -0.2986302672794887
  ],
  "valid_loss": [
    -0.23007253138224285,
    -0.24035452063878376,
    -0.2456344946225484,
    -0.25147436197598777,
    -0.25446653151512144,
    -0.25885912466049193,
    -0.26142226203282676,
    -0.2624685509999593,
    -0.2675980772177378,
    -0.27025682298342385,
    -0.27366804401079814,
    -0.274465318997701,
    -0.27725118478139243,
    -0.2796639179388682,
    -0.28342122213045756,
    -0.28513017908732097,
    -0.28567266670862834,
    -0.2884744977156321,
    -0.28846468846003215,
    -0.2927753774325053,
    -0.2942350251674652,
    -0.2979387667973836,
    -0.30013461152712506,
    -0.3021091373761495,
    -0.302693532705307,
    -0.3061269276936849,
    -0.3063859991232554,
    -0.30759771792093915,
    -0.31021828881899516,
    -0.31174735554059346
  ],
  "valid_fid_eq": [
    0.5225271867116292,
    0.5236647117137909,
    0.5286070171197256,
    0.5257455840110778,
    0.531410611708959,
    0.5481264653205872,
    0.5459032076994578,
    0.5435827140013377,
    0.535834485133489,
    0.5366717587312062,
    0.5521743954817454,
    0.5505743929545085,
    0.5625541968345642,
    0.5710364591280619,
    0.5607174089749654,
    0.5679315776824951,
    0.5805070395469666,
    0.5624092466036479,
    0.5863639454841614,
    0.5711215273539225,
    0.556534256776174,
    0.5767331906954447,
    0.5716188842455546,
    0.5944273530642191,
    0.5986196114222209,
    0.5916034483909607,
    0.5837343508402506,
    0.5760270277659099,
    0.6042588189442952,
    0.5871660383542379
  ],
  "valid_fid_ne": [
    0.2924546553293864,
    0.28331019075711567,
    0.2829725228150686,
    0.27427122203509013,
    0.2769440811475118,
    0.28926734066009524,
    0.2844809450308482,
    0.28111416204770406,
    0.2682364091873169,
    0.266414935429891,
    0.27850635147094727,
    0.27610907300313314,
    0.28530301205317177,
    0.2913725411891937,
    0.2772961874802907,
    0.2828013989130656,
    0.2948343734741211,
    0.27393474825223285,
    0.29789925734202066,
    0.27834614960352577,
    0.2622992312908173,
    0.2787944242159526,
    0.27148427271842956,
    0.2923182153701782,
    0.29592607871691384,
    0.28547652006149293,
    0.2773483513991038,
    0.2684293088912964,
    0.29404053076108294,
    0.2754186828136444
  ]
}