{
  "train_loss": [
    0.023118022441864013,
    0.022094637666429794,
    0.021965036392211913,
    0.02189634357179914,
    0.02186957652228219,
    0.02185356960977827,
    0.02180396856580462,
    0.021816410541534423
  ],
  "valid_loss": [
    0.022658835411071776,
    0.02244864829381307,
    0.022413679122924805,
    0.022281150738398234,
    0.022211328983306886,
    0.022309659481048585,
    0.022286598046620688,
    0.02226057807604472
  ],
  "train_acc": [
    0.8231428571428572,
    0.9045714285714286,
    0.906,
    0.9128571428571428,
    0.9091428571428571,
    0.9111428571428571,
    0.9188571428571428,
    0.9128571428571428
  ],
  "valid_acc": [
    0.8933333333333333,
    0.8873333333333333,
    0.8946666666666667,
    0.912,
    0.908,
    0.9006666666666666,
    0.8933333333333333,
    0.896
  ]
}