{
  "train_loss": [
    1.4716663457325527,
    1.3774468129021782,
    1.3550960836410522,
    1.3342493268421718,
    1.3134321685518537,
    1.3088797561100551,
    1.3074786718913487,
    1.3061566636221749,
    1.2984080632073538,
    1.2941473338263376,
    1.2875170085089547,
    1.2850743613924298,
    1.2852259146826608,
    1.2928208100455147,
    1.2910803383418492,
    1.293308499472482,
    1.2898406129564557,
    1.2924388682501657,
    1.2915174557822091,
    1.2812815256118775,
    1.2816480034419468,
    1.286528147288731,
    1.2949235335758755,
    1.2846742158617293,
    1.2893137856892176,
    1.2847381911958966,
    1.2803174137387956,
    1.2908959886005946,
    1.2816327442441668,
    1.2768083859852382,
    1.2883745249339513,
    1.2878630440575736,
    1.286710860661098,
    1.284006793158395,
    1.2842761381694248
  ],
  "valid_loss": [
    1.4002712936401367,
    1.378234185854594,
    1.334041989326477,
    1.3232375377019245,
    1.3066141948699952,
    1.3057027311325073,
    1.295244065284729,
    1.3153453267415365,
    1.314140110651652,
    1.2843873802820842,
    1.3030224361419678,
    1.2887697712580364,
    1.2962893679936727,
    1.2837961257298787,
    1.29156733862559,
    1.298113408724467,
    1.3090456145604452,
    1.2901043122609457,
    1.2939723965326946,
    1.2815225524902343,
    1.2840142711003621,
    1.2947053283055623,
    1.2912927017211915,
    1.2933677117029825,
    1.3040867004394532,
    1.28165957736969,
    1.2906237716674804,
    1.3040155620574951,
    1.2843103809356688,
    1.287440161705017,
    1.3030055831273397,
    1.2924453563690186,
    1.2886111764907837,
    1.2863834778467813,
    1.297087801615397
  ],
  "train_acc": [
    0.6208571428571429,
    0.7765714285714286,
    0.8211428571428572,
    0.8488571428571429,
    0.8711428571428571,
    0.8705714285714286,
    0.8754285714285714,
    0.8768571428571429,
    0.8802857142857143,
    0.8768571428571429,
    0.8794285714285714,
    0.8808571428571429,
    0.8817142857142857,
    0.8722857142857143,
    0.8814285714285715,
    0.8762857142857143,
    0.8805714285714286,
    0.8754285714285714,
    0.8842857142857142,
    0.8837142857142857,
    0.8865714285714286,
    0.8817142857142857,
    0.8725714285714286,
    0.8862857142857142,
    0.8768571428571429,
    0.8831428571428571,
    0.884,
    0.8805714285714286,
    0.8871428571428571,
    0.8888571428571429,
    0.8794285714285714,
    0.8811428571428571,
    0.8834285714285715,
    0.8854285714285715,
    0.8837142857142857
  ],
  "valid_acc": [
    0.6533333333333333,
    0.72,
    0.868,
    0.892,
    0.866,
    0.888,
    0.878,
    0.8693333333333333,
    0.86,
    0.8793333333333333,
    0.8613333333333333,
    0.89,
    0.8726666666666667,
    0.892,
    0.8766666666666667,
    0.872,
    0.8406666666666667,
    0.882,
    0.8606666666666667,
    0.888,
    0.874,
    0.8893333333333333,
    0.8866666666666667,
    0.858,
    0.85,
    0.8926666666666667,
    0.8366666666666667,
    0.8866666666666667,
    0.8806666666666667,
    0.892,
    0.8753333333333333,
    0.8746666666666667,
    0.8646666666666667,
    0.8686666666666667,
    0.8826666666666667
  ]
}