{
  "train_loss": [
    1.4716663457325527,
    1.3774468129021782,
    1.3550960836410522,
    1.3342493268421718,
    1.3134321685518537,
    1.3088797561100551,
    1.3074786718913487,
    1.3061566636221749,
    1.2984080632073538,
    1.2941473338263376,
    1.2875170085089547,
    1.2850743613924298,
    1.2852259146826608,
    1.2928208100455147,
    1.2910803383418492,
    1.293308499472482,
    1.2898406129564557,
    1.2924388682501657,
    1.2915174557822091,
    1.2812815256118775,
    1.2816480034419468,
    1.286528147288731,
    1.2949235335758755,
    1.2846742158617293,
    1.2893137856892176,
    1.2847381911958966,
    1.2803174137387956,
    1.2908959886005946,
    1.2816327442441668,
    1.2768083859852382,
    1.2883745249339513,
    1.2878630440575736,
    1.286710860661098,
    1.284006793158395,
    1.2842761381694248,
    1.2823238374165127,
    1.2825818941933769,
    1.2843360349110196,
    1.2791817393984113,
    1.2866501502990724,
    1.2818161399023873,
    1.286729627745492,
    1.2749523474829538,
    1.2753013178961619,
    1.2752432876314437,
    1.2760801398413522,
    1.2853465754645212,
    1.2795369567871093,
    1.2812750688280379,
    1.275135016986302,
    1.2716704909460885,
    1.278686564717974,
    1.2819710881369455,
    1.2823251957212176,
    1.281237743105207,
    1.2810009521756853,
    1.2822608548573085,
    1.2734699332373483,
    1.2841014589582171,
    1.2753350796018328,
    1.27369995035444,
    1.2788193494251796,
    1.2719883322034564,
    1.2734466197150094,
    1.2716757380621775,
    1.2745793718610492,
    1.2706649991444179,
    1.2737844538007463,
    1.2740422258377075,
    1.2774214041573662,
    1.2791968627657209,
    1.2710363108771188,
    1.2668542453220912,
    1.2731901547568185,
    1.2737202722004481,
    1.281696178163801,
    1.2716877754756382,
    1.27558783694676,
    1.2687784699031286,
    1.2709062841960361,
    1.2795205189841135,
    1.269523496900286,
    1.2696734041486468,
    1.2749852995191302,
    1.2714225890295847,
    1.270475600378854,
    1.2728604713167464,
    1.2683307700838362,
    1.2696466548102243,
    1.2714538150514876,
    1.2674203274590627,
    1.2792169171742032,
    1.2728520359311786,
    1.2793675008501326,
    1.2774654959269933,
    1.2812366233553205,
    1.284276391165597,
    1.2665347720554896,
    1.2708352439062935,
    1.2724104065213884
  ],
  "valid_loss": [
    1.4002712936401367,
    1.378234185854594,
    1.334041989326477,
    1.3232375377019245,
    1.3066141948699952,
    1.3057027311325073,
    1.295244065284729,
    1.3153453267415365,
    1.314140110651652,
    1.2843873802820842,
    1.3030224361419678,
    1.2887697712580364,
    1.2962893679936727,
    1.2837961257298787,
    1.29156733862559,
    1.298113408724467,
    1.3090456145604452,
    1.2901043122609457,
    1.2939723965326946,
    1.2815225524902343,
    1.2840142711003621,
    1.2947053283055623,
    1.2912927017211915,
    1.2933677117029825,
    1.3040867004394532,
    1.28165957736969,
    1.2906237716674804,
    1.3040155620574951,
    1.2843103809356688,
    1.287440161705017,
    1.3030055831273397,
    1.2924453563690186,
    1.2886111764907837,
    1.2863834778467813,
    1.297087801615397,
    1.2945114882787068,
    1.2918015623092651,
    1.2934568614959716,
    1.295148438135783,
    1.2963490724563598,
    1.2901332031885784,
    1.2846727234522501,
    1.284804377555847,
    1.2721552171707153,
    1.280176793416341,
    1.311573356628418,
    1.2891622927983601,
    1.2859271485010784,
    1.2794870882034302,
    1.2753476101557413,
    1.286003547668457,
    1.286636565208435,
    1.2706223516464232,
    1.2918973185221354,
    1.2785193627675375,
    1.278641687075297,
    1.2652588907877604,
    1.2854898602167766,
    1.3096803884506225,
    1.28697838083903,
    1.268243319193522,
    1.2668979247411092,
    1.296196034113566,
    1.2676918522516887,
    1.2842602739334106,
    1.2933683261871338,
    1.2740982309977213,
    1.2891911347707112,
    1.3028051710128785,
    1.263008023262024,
    1.2714593556722005,
    1.2702355286280314,
    1.2822638769149781,
    1.2774195817311604,
    1.2869663298924765,
    1.2782237173716227,
    1.2713965791066488,
    1.2695302448272705,
    1.2756409556070964,
    1.2693464450836183,
    1.2973455985387166,
    1.2631822500228882,
    1.284727882385254,
    1.2672234986623128,
    1.2812916688919067,
    1.2705390634536744,
    1.264511856396993,
    1.2640187171300252,
    1.2863488114674886,
    1.2652066240310669,
    1.2735183712641398,
    1.2751662680308025,
    1.2811098801294962,
    1.2712337824503581,
    1.2792641611099242,
    1.277547838528951,
    1.274766503016154,
    1.2735393517812093,
    1.2806394777297974,
    1.2748535903294882
  ],
  "train_acc": [
    0.6208571428571429,
    0.7765714285714286,
    0.8211428571428572,
    0.8488571428571429,
    0.8711428571428571,
    0.8705714285714286,
    0.8754285714285714,
    0.8768571428571429,
    0.8802857142857143,
    0.8768571428571429,
    0.8794285714285714,
    0.8808571428571429,
    0.8817142857142857,
    0.8722857142857143,
    0.8814285714285715,
    0.8762857142857143,
    0.8805714285714286,
    0.8754285714285714,
    0.8842857142857142,
    0.8837142857142857,
    0.8865714285714286,
    0.8817142857142857,
    0.8725714285714286,
    0.8862857142857142,
    0.8768571428571429,
    0.8831428571428571,
    0.884,
    0.8805714285714286,
    0.8871428571428571,
    0.8888571428571429,
    0.8794285714285714,
    0.8811428571428571,
    0.8834285714285715,
    0.8854285714285715,
    0.8837142857142857,
    0.8837142857142857,
    0.8908571428571429,
    0.8874285714285715,
    0.8888571428571429,
    0.8797142857142857,
    0.888,
    0.8882857142857142,
    0.888,
    0.8902857142857142,
    0.8857142857142857,
    0.8931428571428571,
    0.8842857142857142,
    0.8865714285714286,
    0.8888571428571429,
    0.8911428571428571,
    0.8891428571428571,
    0.8917142857142857,
    0.8837142857142857,
    0.8905714285714286,
    0.8882857142857142,
    0.8845714285714286,
    0.8854285714285715,
    0.8971428571428571,
    0.8865714285714286,
    0.894,
    0.8922857142857142,
    0.8834285714285715,
    0.8957142857142857,
    0.8865714285714286,
    0.892,
    0.8951428571428571,
    0.8965714285714286,
    0.8954285714285715,
    0.8897142857142857,
    0.888,
    0.8882857142857142,
    0.8937142857142857,
    0.8942857142857142,
    0.8925714285714286,
    0.8937142857142857,
    0.8911428571428571,
    0.8902857142857142,
    0.8974285714285715,
    0.8991428571428571,
    0.8928571428571429,
    0.8877142857142857,
    0.894,
    0.8925714285714286,
    0.8965714285714286,
    0.8977142857142857,
    0.9005714285714286,
    0.8865714285714286,
    0.898,
    0.8968571428571429,
    0.8957142857142857,
    0.8934285714285715,
    0.8937142857142857,
    0.8945714285714286,
    0.8962857142857142,
    0.8922857142857142,
    0.8931428571428571,
    0.8845714285714286,
    0.896,
    0.8962857142857142,
    0.892
  ],