{
  "train_loss": [
    0.023278659854616437,
    0.02146379409517561,
    0.021239345720836095,
    0.020815588338034492,
    0.020755591324397495,
    0.02065166643687657,
    0.02057494572230748,
    0.020696706669671196,
    0.02050380005155291
  ],
  "valid_loss": [
    0.022243534326553346,
    0.02175309101740519,
    0.021577407836914062,
    0.02110237224896749,
    0.021168431838353475,
    0.02096062994003296,
    0.02103940963745117,
    0.021169165690739948,
    0.02120914101600647
  ],
  "train_acc": [
    0.7042857142857143,
    0.9077142857142857,
    0.9042857142857142,
    0.912,
    0.9148571428571428,
    0.9188571428571428,
    0.918,
    0.9162857142857143,
    0.9245714285714286
  ],
  "valid_acc": [
    0.8833333333333333,
    0.8933333333333333,
    0.9086666666666666,
    0.9026666666666666,
    0.9166666666666666,
    0.914,
    0.9266666666666666,
    0.9066666666666666,
    0.8973333333333333
  ]
}