{
  "train_loss": [
    -0.1391509008407593,
    -0.16093218994140626,
    -0.1738766073499407,
    -0.181547785622733,
    -0.18849551446097237,
    -0.19337766211373467,
    -0.19580897385733467,
    -0.20193881961277552,
    -0.20565668569292342,
    -0.2072020732334682,
    -0.21354156603131977,
    -0.21316075434003556,
    -0.21697778020586286,
    -0.22148001398359027,
    -0.22214362852913994,
    -0.22397839300973074,
    -0.22575074359348843,
    -0.2278938124520438,
    -0.2305166348048619,
    -0.22866453007289342,
    -0.23441941887991768,
    -0.23178886331830706,
    -0.23717604092189243,
    -0.2378195059640067,
    -0.23867252922058105,
    -0.23970655822753906,
    -0.24391215433393207,
    -0.2435180119105748,
    -0.24592244148254394,
    -0.24518886048453195
  ],
  "valid_loss": [
    -0.16198632232348123,
    -0.17409340246518454,
    -0.18480121835072835,
    -0.19306144960721333,
    -0.19851102542877197,
    -0.1998472727139791,
    -0.20611038001378376,
    -0.2088412024974823,
    -0.20533783038457235,
    -0.21371936138470968,
    -0.21573432024319966,
    -0.21868105975786845,
    -0.2158598031202952,
    -0.21721176687876384,
    -0.22314908107121786,
    -0.2245951034228007,
    -0.2281343530813853,
    -0.2276456240018209,
    -0.22866454140345255,
    -0.23311186456680297,
    -0.2257505484422048,
    -0.22996906153361002,
    -0.23824436068534852,
    -0.23693349949518838,
    -0.23632743438084922,
    -0.24095895568529765,
    -0.24164585494995117,
    -0.2433776721159617,
    -0.24287242484092714,
    -0.23941847427686055
  ],
  "valid_fid_eq": [
    0.46432754611968996,
    0.45577944016456606,
    0.509442752679189,
    0.49030974849065145,
    0.5339721102714539,
    0.5825649757385254,
    0.5212308640480041,
    0.5453289070129395,
    0.5335020295778911,
    0.5700663070678711,
    0.518064057191213,
    0.5459347654978435,
    0.5588860322634379,
    0.5266893709500631,
    0.5427892340024313,
    0.5785239194234212,
    0.5454693922996521,
    0.5861869904200236,
    0.5432244532903036,
    0.5640024329821268,
    0.5829495830535889,
    0.5368430576324463,
    0.5598874244689941,
    0.5574471022288005,
    0.5373716201782227,
    0.5702700298627218,
    0.5955923654238383,
    0.5843800950050354,
    0.5907664087613423,
    0.5875402835210164
  ],
  "valid_fid_ne": [
    0.3023412228425344,
    0.28168603833516437,
    0.32464153464635215,
    0.2972482985655467,
    0.3354610848426819,
    0.38271770302454633,
    0.3151204840342204,
    0.33648770419756574,
    0.3281641991933187,
    0.35634694568316144,
    0.3023297369480133,
    0.3272537051041921,
    0.34302622882525124,
    0.30947760407129926,
    0.31964015324910483,
    0.35392881600062054,
    0.31733503890037534,
    0.3585413664182027,
    0.31455991156895957,
    0.3308905684153239,
    0.3571990346113841,
    0.30687399514516195,
    0.3216430628299713,
    0.32051360241572063,
    0.30104418547948203,
    0.32931107449531555,
    0.35394651047388714,
    0.3410024228890737,
    0.34789398392041526,
    0.34812180924415587
  ]
}