{
  "train_loss": [
    -0.2799588282448905,
    -0.3027198965890067,
    -0.3101341582706996,
    -0.31717527144295826,
    -0.32305439703805106,
    -0.3276454895564488,
    -0.3297470760345459,
    -0.33377391624450686,
    -0.33551530374799454,
    -0.3386653630392892,
    -0.34096570314679825,
    -0.3423495041983468,
    -0.34422235325404577,
    -0.3443519537789481,
    -0.3466480827331543,
    -0.3483706444331578,
    -0.34951979855128695,
    -0.3527391221182687,
    -0.35485093334742956,
    -0.35202479362487793,
    -0.3540132528032575,
    -0.3556517265864781,
    -0.35766922514779226,
    -0.360456971849714,
    -0.3591337146759033,
    -0.3595176252637591,
    -0.3618730907440186,
    -0.36144349152701244,
    -0.36291756193978447,
    -0.3655918758937291
  ],
  "valid_loss": [
    -0.27727517024676007,
    -0.2875412379105886,
    -0.2931142582098643,
    -0.29824074419339497,
    -0.3026657338142395,
    -0.30486320519447324,
    -0.30800918451944986,
    -0.31027855030695595,
    -0.3119938923517863,
    -0.3125971888701121,
    -0.3150763326485952,
    -0.3154100275039673,
    -0.31785469913482667,
    -0.31871094290415447,
    -0.3200177121957143,
    -0.32018920516967775,
    -0.3224781630039215,
    -0.3210499150753021,
    -0.3250964271227519,
    -0.32416338729858396,
    -0.32565695786476134,
    -0.32788280487060545,
    -0.3298370149930318,
    -0.33046511737505596,
    -0.3296266389687856,
    -0.33164211082458495,
    -0.3323227645556132,
    -0.3323551250298818,
    -0.33404890179634095,
    -0.3343273066679637
  ],
  "valid_fid_eq": [
    0.5764137511253357,
    0.5934107518196106,
    0.5972323446273804,
    0.610612045288086,
    0.6148507932027181,
    0.6268081665039062,
    0.6227900280952453,
    0.6265185594558715,
    0.6302913619677226,
    0.6239875076611837,
    0.6341004327138265,
    0.630399067401886,
    0.6383268264134725,
    0.6434248228073121,
    0.6381637512842814,
    0.6480723150571187,
    0.6375278727213541,
    0.6531672075589497,
    0.64746058177948,
    0.6567550155321757,
    0.6463895276387532,
    0.6491442348162333,
    0.642402714252472,
    0.6556874524752299,
    0.6510751390457153,
    0.6544081145922342,
    0.6467843826611837,
    0.6661032552719116,
    0.6634198147455851,
    0.6546632005373637
  ],
  "valid_fid_ne": [
    0.2991385805606842,
    0.305869513909022,
    0.30411808609962465,
    0.3123713004589081,
    0.3121850600242615,
    0.3219449609915415,
    0.31478084389368693,
    0.31624000883102416,
    0.31829746929804487,
    0.31139031847318016,
    0.31902409974733986,
    0.3149890395800273,
    0.32047212759653726,
    0.32471387990315753,
    0.31814603877067565,
    0.32788311020533245,
    0.3150497097174327,
    0.3321172924836477,
    0.3223641543388367,
    0.3325916279157003,
    0.32073257009188333,
    0.3212614296277364,
    0.31256569957733155,
    0.3252223354180654,
    0.3214485000769297,
    0.3227660034497579,
    0.31446161778767906,
    0.33374813055992125,
    0.3293709129492442,
    0.32033589386940003
  ]
}