{
  "train_loss": [
    -0.27277699552263535,
    -0.28916430473327637,
    -0.2965773726872035,
    -0.30302528272356305,
    -0.31107302175249374,
    -0.31555707495553154,
    -0.31777805491856165,
    -0.3254872079576765,
    -0.32781217983790806,
    -0.3319576001848493,
    -0.3349219262259347,
    -0.33703625406537735,
    -0.34082456180027554,
    -0.3433018016815186,
    -0.34638597188677106,
    -0.3491268163408552,
    -0.3497544904436384,
    -0.35104820115225654,
    -0.3534292523520333,
    -0.35420681708199636,
    -0.3582409817831857,
    -0.35907539176940917,
    -0.35895218930925643,
    -0.36117412567138674,
    -0.3639849352155413,
    -0.36433357211521694,
    -0.3654618718283517,
    -0.36580145481654575,
    -0.36729503849574496,
    -0.3669156047276088
  ],
  "valid_loss": [
    -0.2765595863660177,
    -0.2851209483146667,
    -0.2923133087158203,
    -0.29333972406387326,
    -0.2999618345896403,
    -0.3049948862393697,
    -0.3067553656101227,
    -0.31061159976323444,
    -0.3139171905517578,
    -0.3174106051127116,
    -0.3193324709733327,
    -0.3219866199493408,
    -0.32410291584332784,
    -0.32714160935084025,
    -0.3285907654762268,
    -0.32688008960088094,
    -0.3314222518603007,
    -0.33500544548034666,
    -0.33525187595685324,
    -0.3353610960642497,
    -0.3385177447001139,
    -0.3407698370615641,
    -0.33718253175417584,
    -0.3431727755864461,
    -0.3435284517606099,
    -0.34464363638559975,
    -0.34609848221143086,
    -0.34398631763458254,
    -0.3472838498751322,
    -0.34817386968930564
  ],
  "valid_fid_eq": [
    0.5462271857261658,
    0.5644668644269307,
    0.5630178467432658,
    0.5619971939722697,
    0.5697973004976908,
    0.5808984942436218,
    0.5916591758728027,
    0.6037263369560242,
    0.5896660124460856,
    0.6128042147954305,
    0.5949689087867737,
    0.6018974604606628,
    0.6006033387184143,
    0.5990427389144898,
    0.5885024123191833,
    0.6101515192985535,
    0.608048185189565,
    0.6045655562082927,
    0.61311865234375,
    0.6078023648262024,
    0.6120940446853638,
    0.6201318922042847,
    0.6083834703763326,
    0.6199096301396688,
    0.6173982424736023,
    0.6128265482584635,
    0.6141448634465535,
    0.6073894948959351,
    0.6114095257123311,
    0.613868891398112
  ],
  "valid_fid_ne": [
    0.26966759995619455,
    0.279345915834109,
    0.2707045377492905,
    0.2686574708620707,
    0.2698354662656784,
    0.2759036070108414,
    0.2849038102626801,
    0.29311473659674325,
    0.2757488231261571,
    0.2953936094045639,
    0.27563643717765807,
    0.27991084082921347,
    0.27650042287508647,
    0.2719011295636495,
    0.25991164497534436,
    0.28327142910162606,
    0.27662593392531076,
    0.2695601100921631,
    0.2778667773405711,
    0.27244126971562704,
    0.27357630026340485,
    0.27936205454667407,
    0.2712009379863739,
    0.27673685578505197,
    0.27386979162693026,
    0.2681829119126002,
    0.26804638187090557,
    0.2634031769434611,
    0.2641256761153539,
    0.2656950220266978
  ]
}