{
  "train_loss": [
    1.5923558071681432,
    1.5541761684417725,
    1.521025092261178,
    1.486313486780439,
    1.4552417925425938,
    1.4293327794756208,
    1.4068856920514787,
    1.3977041190011161,
    1.3874777242115566,
    1.3764629799979073,
    1.3746489409037999,
    1.3732197870526994,
    1.363110886301313,
    1.3585317604882376,
    1.3581340224402292,
    1.352187886238098,
    1.3493968623025077,
    1.3472983864375523,
    1.3436614636012485,
    1.3427732617514474,
    1.3432708474567958,
    1.3446109655925205,
    1.3425523669379098,
    1.3364314365386962,
    1.3361283240999495,
    1.3387300777435303,
    1.338734449659075,
    1.3393977921349662,
    1.339682957104274,
    1.3361014080047608,
    1.3334092215129307,
    1.3313116298403058,
    1.3322947250093733,
    1.334652316229684,
    1.3340547929491315
  ],
  "valid_loss": [
    1.5767388931910198,
    1.5337212324142455,
    1.51093803246816,
    1.472611083984375,
    1.4473669497172037,
    1.4257209348678588,
    1.416782293319702,
    1.4035721588134766,
    1.3914905341466268,
    1.3888451592127482,
    1.3872437159220377,
    1.3847804800669352,
    1.37663654645284,
    1.3757665332158406,
    1.3693567832310996,
    1.3702970043818157,
    1.3664122581481934,
    1.3642489576339722,
    1.3622361199061075,
    1.3629665486017863,
    1.3619854418436685,
    1.36455046971639,
    1.3604135862986246,
    1.3576232719421386,
    1.3592073583602906,
    1.3601517057418824,
    1.3628613964716594,
    1.3642547925313313,
    1.3604227606455486,
    1.354519584973653,
    1.3522380463282266,
    1.352930827140808,
    1.3544327211380005,
    1.358184191385905,
    1.3578326066335042
  ],
  "train_acc": [
    0.40285714285714286,
    0.6628571428571428,
    0.7742857142857142,
    0.8571428571428571,
    0.8457142857142858,
    0.8657142857142858,
    0.8428571428571429,
    0.8742857142857143,
    0.8457142857142858,
    0.8714285714285714,
    0.8714285714285714,
    0.8657142857142858,
    0.8742857142857143,
    0.8942857142857142,
    0.8942857142857142,
    0.9,
    0.8885714285714286,
    0.9,
    0.8914285714285715,
    0.9085714285714286,
    0.9028571428571428,
    0.8971428571428571,
    0.8914285714285715,
    0.9028571428571428,
    0.9,
    0.9057142857142857,
    0.9028571428571428,
    0.9085714285714286,
    0.9,
    0.9,
    0.9114285714285715,
    0.9114285714285715,
    0.9085714285714286,
    0.8942857142857142,
    0.9142857142857143
  ],
  "valid_acc": [
    0.5133333333333333,
    0.8,
    0.7933333333333333,
    0.7933333333333333,
    0.8533333333333334,
    0.84,
    0.8333333333333334,
    0.82,
    0.8533333333333334,
    0.84,
    0.84,
    0.86,
    0.8666666666666667,
    0.8866666666666667,
    0.88,
    0.8666666666666667,
    0.8866666666666667,
    0.8866666666666667,
    0.8866666666666667,
    0.8733333333333333,
    0.88,
    0.8866666666666667,
    0.8733333333333333,
    0.8733333333333333,
    0.8733333333333333,
    0.8866666666666667,
    0.8733333333333333,
    0.8866666666666667,
    0.88,
    0.8933333333333333,
    0.8866666666666667,
    0.88,
    0.88,
    0.88,
    0.86
  ]
}