{
  "train_loss": [
    -0.18570430483136857,
    -0.2004816393171038,
    -0.20834472683497837,
    -0.21318918691362654,
    -0.21909014211382186,
    -0.22102838488987514,
    -0.22333528573172434,
    -0.22700816127232143,
    -0.22921822193690708,
    -0.23100357791355677,
    -0.23130664280482702,
    -0.23520262936183384,
    -0.23544415855407716,
    -0.23800123105730328,
    -0.23927142224993025,
    -0.24346412576947893,
    -0.24290114430018833,
    -0.2440188159942627,
    -0.2467597130366734,
    -0.2480436131613595,
    -0.2497536732809884,
    -0.2540446946280343,
    -0.2530708533695766,
    -0.2559636124202183,
    -0.2569502898624965,
    -0.258293431690761,
    -0.2587898701259068,
    -0.25999259894234794,
    -0.2611262662070138,
    -0.26174398258754183
  ],
  "valid_loss": [
    -0.19829935320218403,
    -0.20795228211085,
    -0.2140667643547058,
    -0.21828526425361633,
    -0.22201701108614605,
    -0.22483103434244792,
    -0.22715372665723166,
    -0.23054848297437033,
    -0.2331345502535502,
    -0.2352684925397237,
    -0.23635490878423054,
    -0.24048816307385762,
    -0.24169416022300722,
    -0.24264025950431825,
    -0.24517982657750448,
    -0.248067369222641,
    -0.24884898392359417,
    -0.2501595882574717,
    -0.25216000111897785,
    -0.253775647242864,
    -0.25540499806404116,
    -0.25343807458877565,
    -0.2575719673633575,
    -0.2572713627020518,
    -0.26092296012242633,
    -0.26220887327194214,
    -0.26347200910250346,
    -0.26494261344273884,
    -0.2659010398387909,
    -0.26786877735455833
  ],
  "valid_fid_eq": [
    0.5110679648717245,
    0.5160559584299723,
    0.5151340594291687,
    0.5187804808616638,
    0.5289889364242554,
    0.5197165079116821,
    0.5283641606966655,
    0.523307741800944,
    0.5242333720525105,
    0.5354439345995585,
    0.5143715842564901,
    0.5386786702473958,
    0.544816771030426,
    0.5348221050898234,
    0.5499917685190837,
    0.5520533105532328,
    0.536594657421112,
    0.5511534523963928,
    0.5508449532190959,
    0.5402467075983683,
    0.5472587404251099,
    0.5652941683133443,
    0.5624530049959818,
    0.5526921269098918,
    0.5526761458714803,
    0.5670029050509134,
    0.5559632245699565,
    0.5669063518842061,
    0.572216364701589,
    0.5728759457270305
  ],
  "valid_fid_ne": [
    0.31276861198743183,
    0.3081036769549052,
    0.30106729539235433,
    0.3004952159722646,
    0.3069719256560008,
    0.2948854735692342,
    0.30121043308575945,
    0.29275925850868223,
    0.2910988227526347,
    0.3001754430135091,
    0.2780166747967402,
    0.29819050749142967,
    0.3031226114432017,
    0.29218184494972227,
    0.3048119419415792,
    0.3039859413305918,
    0.287745672861735,
    0.3009938641389211,
    0.2986849514643351,
    0.2864710597197215,
    0.2918537414073944,
    0.3118560937245687,
    0.30488103699684144,
    0.29542076420783997,
    0.2917531854311625,
    0.3047940314610799,
    0.2924912157853444,
    0.3019637384414673,
    0.30631532390912375,
    0.3050071683724721
  ]
}