{
  "train_loss": [
    -0.2700780715942383,
    -0.287487835747855,
    -0.29582374763488767,
    -0.3017962875366211,
    -0.30709286526271273,
    -0.3102635735103062,
    -0.3135426286969866,
    -0.3138386276790074,
    -0.31798864936828614,
    -0.31812466948372975,
    -0.3213185351235526,
    -0.3225131402696882,
    -0.322591317313058,
    -0.32566735758100235,
    -0.32569645718165807,
    -0.329507837840489,
    -0.3298566739218576,
    -0.33102237946646557,
    -0.3305439510345459,
    -0.33490347617013116,
    -0.3348611741747175,
    -0.33544470514569963,
    -0.3393052370888846,
    -0.33899672726222446,
    -0.3391852806636265,
    -0.33874542427062987,
    -0.34443878064836775,
    -0.3433705190931048,
    -0.34316516222272603,
    -0.3445107549939837
  ],
  "valid_loss": [
    -0.28822832949956256,
    -0.2935658451716105,
    -0.30005695796012877,
    -0.30052865036328635,
    -0.30594872530301415,
    -0.30872136998176575,
    -0.3089859437147776,
    -0.3134103645483653,
    -0.31370520655314127,
    -0.31729517722129824,
    -0.31819897961616517,
    -0.317727320988973,
    -0.3196007892290751,
    -0.32113908473650615,
    -0.32330742780367533,
    -0.325744615316391,
    -0.32429706168174743,
    -0.32775525053342186,
    -0.32585770479838055,
    -0.32716755231221517,
    -0.3295708186626434,
    -0.3323940464655558,
    -0.33290788539250693,
    -0.33326611963907876,
    -0.3353871334393819,
    -0.33635497124989827,
    -0.33526873064041135,
    -0.33935341413815817,
    -0.33778603235880533,
    -0.33892618846893313
  ],
  "valid_fid_eq": [
    0.5704460412661234,
    0.5777664826711019,
    0.598850220044454,
    0.5722003711064657,
    0.5905756138165792,
    0.6118937446276347,
    0.5823594579696655,
    0.5969604199727376,
    0.6031724834442138,
    0.6074943415323893,
    0.6077976695696513,
    0.5896539435386657,
    0.590981170018514,
    0.6155656248728434,
    0.6175988931655884,
    0.6210569044748943,
    0.6169495328267416,
    0.6257697512308756,
    0.6272253023783366,
    0.6387488576571146,
    0.6178193415006001,
    0.6066677107810974,
    0.6117521622975667,
    0.6046243200302124,
    0.6228956203460694,
    0.61767609167099,
    0.6296698122024537,
    0.6372596626281738,
    0.6082840876579285,
    0.6158005596796672
  ],
  "valid_fid_ne": [
    0.28221771303812665,
    0.2842006368637085,
    0.29879326208432516,
    0.27167172137896217,
    0.2846268888314565,
    0.3031723743279775,
    0.27337351520856223,
    0.2835500551064809,
    0.28946727752685547,
    0.29019916462898254,
    0.2895986896355947,
    0.27192662354310354,
    0.27138038047154744,
    0.2944265401363373,
    0.2942914650440216,
    0.2953122897942861,
    0.29265247082710266,
    0.29801450165112814,
    0.30136759757995607,
    0.3115813053448995,
    0.28824852252006533,
    0.2742736652294795,
    0.2788442771832148,
    0.2713582006692886,
    0.28750848627090453,
    0.28132112165292106,
    0.29440108279387156,
    0.29790624944369,
    0.2704980562925339,
    0.2768743718465169
  ]
}