{
  "train_loss": [
    -0.10141024357931955,
    -0.12087415150233677,
    -0.13410377856663294,
    -0.14252431678771973,
    -0.15307775551932198,
    -0.16052839606148855,
    -0.1665406913757324,
    -0.16999122101919992,
    -0.1742460378919329,
    -0.177502226965768,
    -0.18159934425354005,
    -0.18254943002973284,
    -0.1836952986036028,
    -0.18559010560171946,
    -0.18842102132524763,
    -0.19208316775730677,
    -0.19384439604622977,
    -0.19486555807931083,
    -0.19548728697640555,
    -0.1968192070552281,
    -0.1984481966836112,
    -0.19952721895490375,
    -0.20077339553833007,
    -0.201016359601702,
    -0.2037547367640904,
    -0.2035792293548584,
    -0.20579163278852192,
    -0.20644807924543107,
    -0.2063567098890032,
    -0.2082770320347377
  ],
  "valid_loss": [
    -0.11817440700531005,
    -0.1302912814617157,
    -0.1400127054055532,
    -0.14781387662887574,
    -0.15492869997024536,
    -0.16101089811325073,
    -0.16289042949676513,
    -0.16830562178293865,
    -0.1713586650689443,
    -0.17397327065467835,
    -0.175095108350118,
    -0.1749360840320587,
    -0.17865156078338623,
    -0.18002939263979595,
    -0.18104300363858541,
    -0.18144552683830262,
    -0.1831510526339213,
    -0.18528709157307943,
    -0.18604000997543335,
    -0.18729545998573302,
    -0.18867310412724814,
    -0.18930520526568095,
    -0.1898230930964152,
    -0.190887810866038,
    -0.19153860759735108,
    -0.19309189589818318,
    -0.19315637254714965,
    -0.19443980964024862,
    -0.19552497975031535,
    -0.1954325909614563
  ],
  "valid_fid_eq": [
    0.45970208032925924,
    0.4693560274442037,
    0.45985700805981955,
    0.4701874572436015,
    0.5020407059987386,
    0.4829496641159058,
    0.4895225016276042,
    0.5035210253397624,
    0.4986685455640157,
    0.5038021324475607,
    0.500952963511149,
    0.5060769856770834,
    0.5246425342559814,
    0.5297429540952047,
    0.5190444582303365,
    0.5254127408663432,
    0.5275957423845927,
    0.5133223458925883,
    0.5195515824953715,
    0.5373862547874451,
    0.530096852461497,
    0.5370647625923157,
    0.5376804717381796,
    0.5209542474746705,
    0.5466963129043579,
    0.5244501045544943,
    0.5517928392092387,
    0.5235213603973389,
    0.5360253454844157,
    0.5390243026415507
  ],
  "valid_fid_ne": [
    0.3415276733239492,
    0.339064745982488,
    0.31984430265426633,
    0.3223735809326172,
    0.34711200602849324,
    0.3219387656847636,
    0.32663207213083906,
    0.3352154035568237,
    0.32730988081296286,
    0.3298288617928823,
    0.3258578551610311,
    0.33114090196291607,
    0.3459909734725952,
    0.3497135614554087,
    0.33800145490964256,
    0.3439672140280406,
    0.3444446897506714,
    0.3280352540016174,
    0.3335115725199381,
    0.350090794801712,
    0.3414237483342489,
    0.3477595573266347,
    0.34785737895965574,
    0.3300664369265238,
    0.3551577049891154,
    0.3313582089742025,
    0.35863646666208904,
    0.3290815507570902,
    0.3405003654162089,
    0.3435917116800944
  ]
}