{
  "train_loss": [
    -0.21229509435381208,
    -0.2327168986456735,
    -0.2421002892085484,
    -0.25016702256883894,
    -0.2577035255432129,
    -0.2638590722765241,
    -0.26952076612200054,
    -0.27533386339460103,
    -0.280105224609375,
    -0.2845396281651088,
    -0.28953679656982423,
    -0.29254748698643274,
    -0.29572069495064873,
    -0.2997749655587333,
    -0.3013006123134068,
    -0.30306689071655274,
    -0.3038674695151193,
    -0.30886808804103305,
    -0.3106489293234689,
    -0.3106760657174247,
    -0.3136495789119175,
    -0.3158096321650914,
    -0.3155266532897949,
    -0.3198365819113595,
    -0.3213052398136684,
    -0.3228344715663365,
    -0.3245623871939523,
    -0.3270369911193848,
    -0.3278166675567627,
    -0.33119900948660713
  ],
  "valid_loss": [
    -0.2415960484345754,
    -0.25222144134839375,
    -0.2601748693784078,
    -0.26784062655766805,
    -0.2714163982073466,
    -0.2789044357935588,
    -0.28072485462824504,
    -0.28736327815055845,
    -0.29000051466623944,
    -0.29847681339581805,
    -0.3052794138590495,
    -0.31046254404385887,
    -0.3085133857727051,
    -0.3080435189406077,
    -0.31200569788614907,
    -0.3104763657251994,
    -0.3204764738082886,
    -0.32427920524279275,
    -0.3170950107574463,
    -0.3259273283481598,
    -0.33145776867866517,
    -0.3314062902927399,
    -0.33317889491717023,
    -0.3308806262016296,
    -0.33704138692220054,
    -0.33639419261614484,
    -0.3389292856057485,
    -0.34062709792455037,
    -0.3401533875465393,
    -0.3413738564650218
  ],
  "valid_fid_eq": [
    0.5227492690086365,
    0.5294223087628682,
    0.5417852768103282,
    0.5551537445386251,
    0.5542924130757649,
    0.5752449827194214,
    0.5827274881998697,
    0.5755576146443685,
    0.5491391730308532,
    0.5732289128303528,
    0.6036227299372355,
    0.5792461735407511,
    0.5885162976582845,
    0.5897124098141988,
    0.6141737750371297,
    0.6295264147122701,
    0.6210559746424357,
    0.609129669825236,
    0.616416386127472,
    0.5876763838132223,
    0.6007434891064962,
    0.5948118384679159,
    0.6177350715001424,
    0.6307367970148723,
    0.6138618017832438,
    0.6288636050224304,
    0.6162777075767517,
    0.5898909600575765,
    0.6124599523544312,
    0.6226618490219116
  ],
  "valid_fid_ne": [
    0.2811532202561696,
    0.2772008683681488,
    0.28161040774981183,
    0.28731311798095704,
    0.2828760148684184,
    0.29634054692586265,
    0.30200263325373333,
    0.28819433649381004,
    0.25913865836461386,
    0.2747520994345347,
    0.2983433163960775,
    0.26878363013267514,
    0.2800029131571452,
    0.28166889119148253,
    0.3021680768330892,
    0.31905004898707073,
    0.30057950146993,
    0.28485046458244323,
    0.29932137568791706,
    0.26174905482927957,
    0.269285720427831,
    0.2634055484930674,
    0.28455617785453796,
    0.2998561708132426,
    0.27682041517893474,
    0.29246941272417704,
    0.2773484216531118,
    0.24926386181513469,
    0.2723065654436747,
    0.28128799351056416
  ]
}