{
  "train_loss": [
    -0.15160721329280308,
    -0.16988636371067592,
    -0.17792576176779612,
    -0.18396048300606863,
    -0.18988138771057128,
    -0.1964569947378976,
    -0.19966071483067105,
    -0.20429795047215052,
    -0.2073705793108259,
    -0.21061239978245327,
    -0.21368127959115166,
    -0.21322830690656389,
    -0.21626158142089844,
    -0.21925368091038294,
    -0.2182867205483573,
    -0.22201013483319965,
    -0.2228379440307617,
    -0.22390496608189175,
    -0.22443838337489536,
    -0.22652479880196708,
    -0.22741356195722306,
    -0.2284670148577009,
    -0.2323195381164551,
    -0.2305863195146833,
    -0.23213919067382813,
    -0.23467820467267717,
    -0.23453568376813616,
    -0.23727698380606516,
    -0.23648163877214703,
    -0.238944580078125
  ],
  "valid_loss": [
    -0.17000978072484335,
    -0.17894853814442951,
    -0.18305247147878012,
    -0.19046644401550292,
    -0.19493092632293701,
    -0.19838891990979513,
    -0.20057763799031575,
    -0.20596179827054342,
    -0.207944038550059,
    -0.21310765266418458,
    -0.2137955247561137,
    -0.21712585886319477,
    -0.21856618762016297,
    -0.21977581199010213,
    -0.22274614906311035,
    -0.22383206637700398,
    -0.22505465284983317,
    -0.22497840269406635,
    -0.22628362584114076,
    -0.22535792843500774,
    -0.22952448908487955,
    -0.22825399915377298,
    -0.23069124428431192,
    -0.2314270094235738,
    -0.2338499763806661,
    -0.23177783989906312,
    -0.2345695104598999,
    -0.23463492504755656,
    -0.23644132868448894,
    -0.23809180482228598
  ],
  "valid_fid_eq": [
    0.47317352350552877,
    0.46696956300735476,
    0.517638478120168,
    0.4980771843592326,
    0.5211974018414816,
    0.513158409277598,
    0.5006708801587423,
    0.5167201579411824,
    0.5388521547317505,
    0.519123409430186,
    0.5340951279004414,
    0.5245832578341166,
    0.5347687384287516,
    0.5191814586321513,
    0.5330109877586364,
    0.5359866267840068,
    0.5499137989679972,
    0.5382667784690857,
    0.5586296979586284,
    0.5343880914052328,
    0.5368721726735433,
    0.5678268688519795,
    0.5539757979710896,
    0.5399107011159261,
    0.5552102729479472,
    0.5467468411127726,
    0.5422373396555583,
    0.5323691021601359,
    0.5435326662063599,
    0.540765679359436
  ],
  "valid_fid_ne": [
    0.3031637427806854,
    0.2880210248629252,
    0.3345860063234965,
    0.30761074006557465,
    0.32626647492249805,
    0.3147694893678029,
    0.3000932418902715,
    0.31075835998853046,
    0.33090811614195503,
    0.3060157558520635,
    0.3202996022303899,
    0.30745739897092184,
    0.31620255080858867,
    0.2994056463241577,
    0.31026483929157256,
    0.31215456012884774,
    0.3248591455221176,
    0.31328837609291077,
    0.33234607179959613,
    0.3090301636060079,
    0.30734768362840015,
    0.33957287001609804,
    0.32328455372651416,
    0.30848369204998016,
    0.32136029716332754,
    0.3149690008958181,
    0.30766782955328625,
    0.29773417743047076,
    0.3070913378397624,
    0.3026738739411036
  ]
}