{
  "train_loss": [
    -0.281790942464556,
    -0.3028069487980434,
    -0.313378105708531,
    -0.3229255553654262,
    -0.33372588757106236,
    -0.3400565951211112,
    -0.3425491600036621,
    -0.35080487033299035,
    -0.35264185088021416,
    -0.35520089558192663,
    -0.35843726539611814,
    -0.36429935237339567,
    -0.36264241409301756,
    -0.36582011604309084,
    -0.3689651609148298,
    -0.36999777875627793,
    -0.3719514206477574,
    -0.37495823451450894,
    -0.37617501613071985,
    -0.37937267167227606,
    -0.3800050866263253,
    -0.37873709951128276,
    -0.38104931885855536,
    -0.38509234837123324,
    -0.38573558752877374,
    -0.3863264220101493,
    -0.38946186338152206,
    -0.3933991513933454,
    -0.3893318489619664,
    -0.3948448224748884,
    -0.39408532088143483,
    -0.39594053622654507,
    -0.40086626052856444
  ],
  "valid_loss": [
    -0.28936197741826375,
    -0.3006406427224477,
    -0.30605872948964435,
    -0.3144076280593872,
    -0.32168739461898804,
    -0.3255393295288086,
    -0.32937443590164184,
    -0.33105264568328857,
    -0.32273077630996705,
    -0.33243992273012796,
    -0.34102188515663145,
    -0.3440627247492472,
    -0.3486904724438985,
    -0.34944500637054443,
    -0.3526750337282817,
    -0.35164008315404255,
    -0.35313481791814166,
    -0.35437969541549685,
    -0.3547337965965271,
    -0.3580285388628642,
    -0.35060841194788617,
    -0.36021315066019693,
    -0.36370713488260903,
    -0.3628692092100779,
    -0.36564101195335386,
    -0.36960392785072327,
    -0.36959831364949547,
    -0.3711345808506012,
    -0.3741598261197408,
    -0.3722992968559265,
    -0.36044570008913673,
    -0.3744780155022939,
    -0.37901450983683266
  ],
  "valid_fid_eq": [
    0.5677754122416179,
    0.5853197848002116,
    0.591529405593872,
    0.59873739306132,
    0.597475954691569,
    0.5850853009223937,
    0.6226977717081705,
    0.6022317468325297,
    0.5702950792312622,
    0.6331117847760518,
    0.5992863143285115,
    0.6271851023038229,
    0.6185284263292948,
    0.6186941878000896,
    0.6078066682815552,
    0.6519006476402283,
    0.6164574418067932,
    0.6153888206481933,
    0.6069139914512635,
    0.626016123453776,
    0.612892102877299,
    0.6290943868954977,
    0.6375946388244629,
    0.6317996946970622,
    0.6346803584098816,
    0.6237392643292745,
    0.6319846302668254,
    0.6437120862007141,
    0.6365534952481587,
    0.6526227553685506,
    0.6375026167233785,
    0.6629855531056722,
    0.6448908894856771
  ],
  "valid_fid_ne": [
    0.2784134338299433,
    0.2846791420777639,
    0.2854706763823827,
    0.2843297640879949,
    0.27578856043020883,
    0.25954596984386447,
    0.29332333580652875,
    0.2711791011095047,
    0.24756430478890737,
    0.3006718620459239,
    0.2582644294897715,
    0.2831223772764206,
    0.26983795483907064,
    0.26924918083349864,
    0.25513163514931997,
    0.3002605651219686,
    0.2633226232131322,
    0.2610091267824173,
    0.2521801948149999,
    0.26798758550484975,
    0.2622836915651957,
    0.26888123750686643,
    0.2738875042994817,
    0.2689304854869842,
    0.2690393470923106,
    0.25413533647855124,
    0.2623863172531128,
    0.27257750407854714,
    0.26239366908868156,
    0.28032345974445344,
    0.2770569169521332,
    0.28850753887494407,
    0.26587637869517006
  ]
}