{
  "train_loss": [
    -0.04689110156467983,
    -0.06223416423797607,
    -0.07050121579851423,
    -0.07998438617161342,
    -0.08558922304425921,
    -0.09107043620518275,
    -0.09700937952314104,
    -0.09931533486502511,
    -0.10410912214006697,
    -0.10686230795724051,
    -0.10582814516339983,
    -0.1105207680293492,
    -0.11089256804330008,
    -0.11472066579546247,
    -0.1137049925667899,
    -0.11663526017325265,
    -0.1160869620186942,
    -0.12031522846221923,
    -0.11990850966317312,
    -0.12084994166237967,
    -0.12134310967581613,
    -0.123099881035941,
    -0.12397161592756,
    -0.12410336739676339,
    -0.12581297329493932,
    -0.1254858202253069,
    -0.12826930618286134,
    -0.12838700022016253,
    -0.13018392671857562,
    -0.1299572307041713
  ],
  "valid_loss": [
    -0.06456672922770182,
    -0.07495300078392028,
    -0.08323579335212708,
    -0.08913265148798624,
    -0.093011647939682,
    -0.1017203209400177,
    -0.10460932612419128,
    -0.10994116616249085,
    -0.1090908465385437,
    -0.11048973838488262,
    -0.11361059610048929,
    -0.11611600057284037,
    -0.11770512270927429,
    -0.11415295068422954,
    -0.12031594475110372,
    -0.12321556901931763,
    -0.1229100243250529,
    -0.12492884866396586,
    -0.12627501265207927,
    -0.12742589116096498,
    -0.128858278910319,
    -0.1303670088450114,
    -0.1302482673327128,
    -0.13161418143908182,
    -0.13000850280125936,
    -0.13306531643867492,
    -0.13273567565282185,
    -0.13301963257789612,
    -0.13490624491373698,
    -0.13450441431999208
  ],
  "valid_fid_eq": [
    0.40241842198371885,
    0.4530920000076294,
    0.42006741937001546,
    0.4364480768839518,
    0.4458466672897339,
    0.43296984791755677,
    0.4979420578479767,
    0.4519815600713094,
    0.4777442347208659,
    0.47725834425290425,
    0.46851069847742716,
    0.48955548294385276,
    0.4612534611225128,
    0.46006708884239195,
    0.4490069994131724,
    0.4507722854614258,
    0.46955739696820575,
    0.4798638172149658,
    0.46868717527389525,
    0.489596585671107,
    0.4916933420499166,
    0.4956246372858683,
    0.505051184018453,
    0.487414404074351,
    0.4909175842603048,
    0.5054420901934306,
    0.4809386199315389,
    0.5179170058568319,
    0.5161829754511515,
    0.5000912674268086
  ],
  "valid_fid_ne": [
    0.33785169275601706,
    0.3781389992237091,
    0.3368316260178884,
    0.34731542539596555,
    0.3528350193500519,
    0.33124952697753907,
    0.3933327317237854,
    0.3420403939088186,
    0.3686533881823222,
    0.3667686058680216,
    0.35490010237693786,
    0.3734394823710124,
    0.3435483384132385,
    0.3459141381581624,
    0.32869105466206866,
    0.32755671644210815,
    0.3466473726431529,
    0.354934968551,
    0.342412162621816,
    0.362170694510142,
    0.36283506313959757,
    0.3652576284408569,
    0.3748029166857402,
    0.35580022263526917,
    0.36090908145904543,
    0.37237677375475564,
    0.34820294427871706,
    0.38489737327893575,
    0.38127673053741457,
    0.3655868531068166
  ]
}