{
  "train_loss": [
    -0.2917278848375593,
    -0.3175123315538679,
    -0.3256286174229213,
    -0.33399239894321986,
    -0.33931330680847166,
    -0.34340311213902064,
    -0.3450470815386091,
    -0.3495371690477644,
    -0.35221304730006625,
    -0.35582366371154783,
    -0.3568054953983852,
    -0.3594037840706962,
    -0.36189881488255093,
    -0.3644350580487932,
    -0.3646324223109654,
    -0.3679049715314593,
    -0.3710589678628104,
    -0.3698872509002685,
    -0.3734992978232248,
    -0.3740978006635393,
    -0.37386717251368934,
    -0.37473531069074356,
    -0.3768711381639753,
    -0.37865276227678574,
    -0.3803407799857003,
    -0.37961189787728444,
    -0.3818364838191441,
    -0.3832399150303432,
    -0.38458144760131835,
    -0.3846741461072649
  ],
  "valid_loss": [
    -0.2887159344355265,
    -0.299746413230896,
    -0.3062401279608409,
    -0.31252855650583905,
    -0.31403011933962505,
    -0.31901626507441205,
    -0.3201075340906779,
    -0.32290368374188744,
    -0.3267437767982483,
    -0.32738744338353476,
    -0.33062425565719605,
    -0.3350878617763519,
    -0.3313313217163086,
    -0.3363177436987559,
    -0.33684500662485756,
    -0.3395395539601644,
    -0.33608490228652954,
    -0.34387139717737836,
    -0.34482319100697834,
    -0.3487050829728444,
    -0.34403412079811097,
    -0.34978191645940143,
    -0.3441305739879608,
    -0.3533846243222554,
    -0.35085633206367495,
    -0.351498553276062,
    -0.3513817202250163,
    -0.35290225338935854,
    -0.3562752840518951,
    -0.3547031721274058
  ],
  "valid_fid_eq": [
    0.6016512034734091,
    0.6001719466845195,
    0.6171742479006449,
    0.6105618836085002,
    0.6201655179659525,
    0.6298217562039693,
    0.63925554561615,
    0.6276772049268087,
    0.6545659214655558,
    0.6539879542986552,
    0.6408777011235555,
    0.6613063321113587,
    0.6709379696846008,
    0.6572594464619954,
    0.6446816425323486,
    0.6487452821731567,
    0.6526925729115804,
    0.6641117267608643,
    0.6642465149561564,
    0.6692254420916239,
    0.6555732596715291,
    0.6656030710538229,
    0.6690417143503825,
    0.6568359944025676,
    0.6618047014872233,
    0.660227117061615,
    0.6577967979113261,
    0.6689953328768412,
    0.6690685710906983,
    0.6684969786008199
  ],
  "valid_fid_ne": [
    0.3129352693557739,
    0.30042553345362344,
    0.3109341199398041,
    0.29803332646687825,
    0.30613539830843606,
    0.31080549144744873,
    0.3191480112075806,
    0.3047735215028127,
    0.32782214498519896,
    0.326600510597229,
    0.31025344546635947,
    0.3262184703350067,
    0.33960664796829226,
    0.32094170308113096,
    0.3078366352717082,
    0.3092057285308838,
    0.3166076703071594,
    0.3202403302192688,
    0.3194233236312866,
    0.32052035943667095,
    0.31153913887341816,
    0.3158211536407471,
    0.3249111403624217,
    0.30345136976242065,
    0.31094836910565693,
    0.3087285631497701,
    0.30641507800420126,
    0.31609307885169985,
    0.31279328640302023,
    0.3137938064734141
  ]
}