{
  "train_loss": [
    -0.2876313509259905,
    -0.308460668018886,
    -0.31800666836329866,
    -0.3229939953940255,
    -0.3293805413927351,
    -0.33208347593035015,
    -0.3383465589795794,
    -0.341506990977696,
    -0.3421890890938895,
    -0.3444041922433036,
    -0.34496628734043666,
    -0.3491805921282087,
    -0.3523618196759905,
    -0.3538240547180176,
    -0.3536221035548619,
    -0.35730729947771345,
    -0.3566523780822754,
    -0.3578063125610352,
    -0.35926975985935755,
    -0.3626809550694057,
    -0.3659239123208182,
    -0.3657169233049665,
    -0.3638199828011649,
    -0.36895299911499024,
    -0.36779773357936313,
    -0.3685395499638149,
    -0.37024091502598355,
    -0.3698655095781599,
    -0.3728986748286656,
    -0.37320172418866837
  ],
  "valid_loss": [
    -0.2965816706021627,
    -0.31096851698557537,
    -0.31618191504478455,
    -0.32106551512082415,
    -0.32226454257965087,
    -0.32517625506718956,
    -0.329110711256663,
    -0.33147908115386965,
    -0.32674320697784426,
    -0.33126359272003175,
    -0.3300230491956075,
    -0.33665003299713137,
    -0.33998961122830706,
    -0.3415728485584259,
    -0.34160601019859316,
    -0.3440174462000529,
    -0.3435519790649414,
    -0.34580769419670104,
    -0.3460604836146037,
    -0.3457560877799988,
    -0.34895062057177223,
    -0.34641682481765745,
    -0.3501116662025452,
    -0.35080539631843566,
    -0.3512439038753509,
    -0.35225164222717287,
    -0.3537672498226166,
    -0.35501011888186135,
    -0.3536457554499308,
    -0.35451756199200946
  ],
  "valid_fid_eq": [
    0.5802773288091023,
    0.5969946660995483,
    0.594290354569753,
    0.6080379571914672,
    0.6209722569783529,
    0.6070829623540243,
    0.6146227161089579,
    0.6217668868700663,
    0.6155833463668823,
    0.6118823548952739,
    0.6195373778343201,
    0.6374598433176677,
    0.6258554967244466,
    0.629383164246877,
    0.6309132881164551,
    0.6381826786994934,
    0.6349736111958821,
    0.6308352114359538,
    0.6471927574475607,
    0.658663278579712,
    0.642188880443573,
    0.6271349512736003,
    0.635827827612559,
    0.6363163277308146,
    0.6257479553222656,
    0.6493272172609965,
    0.6415493998527527,
    0.6385691951115926,
    0.6338155830701192,
    0.6510148824055989
  ],
  "valid_fid_ne": [
    0.28369565788904827,
    0.28602614879608157,
    0.27810843952496844,
    0.2869724404811859,
    0.29870771344502767,
    0.28190670760472614,
    0.2855120054880778,
    0.29028780539830523,
    0.2888401403427124,
    0.2806187618573507,
    0.2895143299102783,
    0.3008098103205363,
    0.28586588644981387,
    0.2878103147347768,
    0.28930727918942767,
    0.2941652331352234,
    0.29142163213094074,
    0.28502751628557843,
    0.30113227224349975,
    0.3129071923891703,
    0.2932382592360179,
    0.28071812677383423,
    0.2857161610921224,
    0.28551093141237893,
    0.27450405176480613,
    0.2970755756696065,
    0.28778215034802757,
    0.2835590768655141,
    0.2801698279380798,
    0.2964973191420237
  ]
}