{
  "train_loss": [
    -0.06705856802804129,
    -0.08555452826363699,
    -0.09622746996198382,
    -0.10717593765258789,
    -0.11455715026855469,
    -0.12038449020385743,
    -0.12547919529506138,
    -0.12913895634242467,
    -0.13347144601004465,
    -0.1380950698852539,
    -0.13967920815604074,
    -0.14357043413434709,
    -0.14550481632777623,
    -0.14624036451067243,
    -0.1467800035749163,
    -0.14869680568150112,
    -0.1507994376046317,
    -0.14978956625802176,
    -0.15061669682094028,
    -0.15207088317871092,
    -0.152192108808245,
    -0.15235760301862444,
    -0.15388325958251953,
    -0.15508043409075056,
    -0.15643948168073382,
    -0.15662857251848494,
    -0.15716341639927456,
    -0.15865084511893135,
    -0.15709512198311942,
    -0.15875333230154856,
    -0.1597273686000279,
    -0.1607850078037807,
    -0.1612906509399414,
    -0.16207410169328962,
    -0.16283702523367746,
    -0.1633235358101981,
    -0.1639635277884347,
    -0.16436843893868583,
    -0.16477177581787109,
    -0.16470298549107143,
    -0.16534969569614955,
    -0.1654197293962751,
    -0.1662603491646903,
    -0.16631949724469866,
    -0.1665057094029018,
    -0.166747974722726,
    -0.1667184838431222,
    -0.16687149767194476,
    -0.16641324550083705,
    -0.16763299952915736,
    -0.1686718553815569,
    -0.16802347935267858,
    -0.16926532396589006,
    -0.1691784123011998,
    -0.16805450897216798,
    -0.16837432512555803,
    -0.1698376467023577,
    -0.16919632917131697,
    -0.17051734052385603,
    -0.16952962428501675,
    -0.1686019263131278,
    -0.169426908656529,
    -0.16912402932303292,
    -0.17030431453159878,
    -0.16845900573730468,
    -0.17000808519635882,
    -0.17084896131243024,
    -0.1717400885445731,
    -0.17132820325578962,
    -0.17068992963518415,
    -0.16977226998465403,
    -0.17053767569405692,
    -0.17044065573556083,
    -0.17156777801513673,
    -0.1722572232927595,
    -0.17196304299490792,
    -0.17201085466657365,
    -0.1728901866367885,
    -0.17252898581368584,
    -0.1730857628958566,
    -0.17314320090157645,
    -0.17436512756347655,
    -0.17361507110595703,
    -0.1736655759538923,
    -0.17380150953020368
  ],
  "valid_loss": [
    -0.07805509978930156,
    -0.0884750278155009,
    -0.09734151128133138,
    -0.10699747738838196,
    -0.11387082834243774,
    -0.11944884832700094,
    -0.12368253355026246,
    -0.12780505782763163,
    -0.13328297050793966,
    -0.1366873712380727,
    -0.13863916861216227,
    -0.14050526547431946,
    -0.14209391709963481,
    -0.14371162417729696,
    -0.14491902964909872,
    -0.14548637353579202,
    -0.14651561085383097,
    -0.1471181258837382,
    -0.14891808126767475,
    -0.14896466142336529,
    -0.15018560905456543,
    -0.14871086939175923,
    -0.15120699903170268,
    -0.15310028096834818,
    -0.15403391297658284,
    -0.15347886209487915,
    -0.15257037483851116,
    -0.15637649865150452,
    -0.15608194650014243,
    -0.1578714923063914,
    -0.15760650148391725,
    -0.1588675688266754,
    -0.15890597375233967,
    -0.1604961860815684,
    -0.16054100774129232,
    -0.16199669639269512,
    -0.16223823669751486,
    -0.16228071899414062,
    -0.16293207637468973,
    -0.1633652475674947,
    -0.16388317408561706,
    -0.1640946337858836,
    -0.16346125823656718,
    -0.16374821801185607,
    -0.164905241950353,
    -0.16466568643252055,
    -0.16504326543807984,
    -0.16343621304829917,
    -0.16488041690190633,
    -0.16513547252019248,
    -0.1646485072294871,
    -0.16602351770401,
    -0.16643670177459716,
    -0.16643952687581381,
    -0.16618569711049397,
    -0.1663805966536204,
    -0.1662372759183248,
    -0.16618280560175577,
    -0.1667717631816864,
    -0.16719728317260743,
    -0.1650795249303182,
    -0.16788787644704184,
    -0.16724383653004965,
    -0.16763345424334208,
    -0.16745199173291525,
    -0.16787305367787678,
    -0.1666058567206065,
    -0.1653677439848582,
    -0.16660690422058105,
    -0.16669665172894796,
    -0.16708105161984763,
    -0.16754711588223775,
    -0.1684235536257426,
    -0.1690976665496826,
    -0.16887185357411702,
    -0.16910167339642843,
    -0.16810768400828044,
    -0.16968495434125264,
    -0.16950990325609844,
    -0.16942349290847777,
    -0.17083729349772137,
    -0.17021224389076234,
    -0.1716073380947113,
    -0.16965775473912556,
    -0.17199905554453532
  ],
  "valid_fid_eq": [
    0.32070982313156127,
    0.3357226988474528,
    0.3873993754704793,
    0.4175249707698822,
    0.39450115609169006,
    0.42460908660888674,
    0.4452889623641968,
    0.437629274781545,
    0.45870373072624204,
    0.47520333937009174,
    0.4645525005499522,
    0.4785235953172048,
    0.46571326664288837,
    0.46860955947240196,
    0.4878746492067973,
    0.46875357656478883,
    0.47469254620869955,
    0.4833665689786275,
    0.48492050205866494,
    0.4904794694900513,
    0.49042904675801596,
    0.48930185012817384,
    0.4702099841753642,
    0.4688715025424957,
    0.48195320692062377,
    0.4926805224100749,
    0.47832801040013634,
    0.5032960109392802,
    0.48333235438664757,
    0.48022023369471234,
    0.4879592429161072,
    0.4981977607091268,
    0.49155189119974774,
    0.47922846258481344,
    0.4770953240712484,
    0.4825985727628072,
    0.4851853810946147,
    0.492912824789683,
    0.4944468807220459,
    0.4804368715763092,
    0.49686575581232706,
    0.49597621685663856,
    0.4750294607957204,
    0.49786472953160604,
    0.48633017692565916,
    0.4854869576454163,
    0.4890258768717448,
    0.47912228627204895,
    0.4912986166000366,
    0.5025120016098023,
    0.4919109876314799,
    0.48944532079696657,
    0.4917437182744344,
    0.4919480809529622,
    0.48629230610529584,
    0.4911502010981242,
    0.48956505632400515,
    0.4977684261322021,
    0.48253606390953063,
    0.49106150093078615,
    0.48957717399597167,
    0.49234534562428794,
    0.501508254591624,
    0.49018703791300455,
    0.4843075993537903,
    0.49622626876831055,
    0.49074306319554645,
    0.4845895214557648,
    0.4888721908569336,
    0.4729774997552236,
    0.4898519985834757,
    0.5147937357266744,
    0.48952475301424664,
    0.4886419068177541,
    0.47754147969881694,
    0.4982554805755615,
    0.4707326994578044,
    0.4942697712421417,
    0.504312101316452,
    0.498156815401713,
    0.48911953603426617,
    0.5062699148495992,
    0.5073770649592082,
    0.4839688766320546,
    0.4902378112157186
  ],